Dataset,Dip,p-value
Uniform,0.0013648550193135155,0.0
Gaussian,0.0013637792127792839,0.0
TinyImageNet (Crop),0.0019775790156013368,0.0
TinyImageNet (Resize),0.0016776946443263763,0.0
LSUN (Crop),0.0026475183542336174,0.0
LSUN (Resize),0.0014489784075105087,0.0
iSUN,0.0016408033594744642,0.0
Cifar10,0.002791457377832066,0.0
Cifar100,0.002794830815199341,0.0
imagenet_a,0.0029519303181968484,0.0
imagenet_o,0.002544793626364963,0.0
All,0.001604051885774716,0.0
